{"cameraMode":{"drawMode":0,"name":"Shaded","section":"Shading Mode"},"sceneLighting":true,"audioPlay":false,"sceneViewState":{"m_AlwaysRefresh":false,"showFog":true,"showSkybox":true,"showFlares":true,"showImageEffects":true,"showParticleSystems":true,"showVisualEffectGraphs":true,"m_FxEnabled":true},"in2DMode":false,"pivot":{"x":27.232879638671876,"y":5.737605094909668,"z":-10.966694831848145},"rotation":{"x":0.08395561575889588,"y":-0.4702437222003937,"z":0.044996876269578937,"w":0.8773855566978455},"size":8.141850471496582,"orthographic":true}